{"cameraMode":{"drawMode":0,"name":"Shaded","section":"Shading Mode"},"sceneLighting":true,"audioPlay":false,"sceneViewState":{"m_AlwaysRefresh":false,"showFog":true,"showSkybox":true,"showFlares":true,"showImageEffects":true,"showParticleSystems":true,"showVisualEffectGraphs":true,"m_FxEnabled":true},"in2DMode":false,"pivot":{"x":-5.938813209533691,"y":2.30173659324646,"z":-13.313705444335938},"rotation":{"x":0.029752731323242189,"y":-0.9700170159339905,"z":0.1810266673564911,"w":0.15942639112472535},"size":3.3935563564300539,"orthographic":true}