{"cameraMode":{"drawMode":0,"name":"Shaded","section":"Shading Mode"},"sceneLighting":true,"audioPlay":false,"sceneViewState":{"showFog":true,"showMaterialUpdate":false,"showSkybox":true,"showFlares":true,"showImageEffects":true,"showParticleSystems":true,"showVisualEffectGraphs":true,"m_FxEnabled":true},"in2DMode":false,"pivot":{"x":0.4321730136871338,"y":2.452577590942383,"z":-8.449814796447754},"rotation":{"x":0.061907920986413959,"y":-0.9243643283843994,"z":0.17049720883369447,"w":0.33563584089279177},"size":3.4987850189208986,"orthographic":false}