{"cameraMode":{"drawMode":0,"name":"Shaded","section":"Shading Mode"},"sceneLighting":true,"audioPlay":false,"sceneViewState":{"showFog":true,"showMaterialUpdate":false,"showSkybox":true,"showFlares":true,"showImageEffects":true,"showParticleSystems":true,"showVisualEffectGraphs":true,"m_FxEnabled":true},"in2DMode":false,"pivot":{"x":0.01000000536441803,"y":1.2100000381469727,"z":-9.585000038146973},"rotation":{"x":-0.16332370042800904,"y":0.4505099356174469,"z":-0.08421949297189713,"w":-0.8736556172370911},"size":1.6182749271392823,"orthographic":false}